{
  "r2_score": 0.46193146681672803,
  "mae": 844.6878316332301,
  "max_error": 84117.4507160455
}
